6,pct_basic,1605784544,0
7,pct_5w,0,1605784544
8,pct_5wlj,0,1605784544
9,pct_5wzp,0,1605784544
10,pct_5wljzp,0,1605784544
16,c_allprintable_combined,1605786642,0
17,c_1_31_combined,1605786642,0
18,c_128_255_combined,1605786642,0
19,c_allprintable_width,1605786642,1605784133
20,c_1_31_width,1605786642,0
21,c_128_255_width,1605786642,1605784133
22,c_allprintable_width_lj,1605786642,1605784133
23,c_1_31_width_lj,1605786642,1605784133
24,c_128_255_width_lj,1605786642,1605784133
25,c_nullterm_basic,0,1605786642
26,c_nullterm_5w,0,1605786642
27,c_nullterm_5wlj,0,1605786642
28,s_basic_string_expansion,1605786636,1605783371
29,s_only_string_expansion,1605786636,1605783371
30,s_two_string_expansions,1605786636,1605783371
31,s_two_string_expansions2,1605786636,1605783371
32,s_empty_string_expansion,1605786636,0
33,s_full_then_empty_string,1605786636,1605783371
34,s_empty_then_full_string,1605786636,1605783371
35,s_three_strings,1605786636,1605783371
36,s_space_padded_field_width,1605786636,1605783371
37,s_space_padded_field_width2,1605786636,1605783371
38,s_space_padded_over_field_width,1605786636,1605783371
39,s_space_padded_field_width_lj,1605786636,1605783371
40,s_space_padded_field_width2_lj,1605786636,1605783371
41,s_space_padded_over_field_width_lj,1605786636,1605783371
42,s_string_prec_notrunc,1605786636,1605783070
43,s_string_prec_trunc,1605786636,1605783371
44,s_string_prec_default,1605786636,1605783371
45,s_string_prec_zero,1605786636,1605783371
46,s_two_strings_prec_2trunc,1605786636,1605783371
47,s_two_strings_prec_1trunc_a,1605786636,1605783371
48,s_two_strings_prec_1trunc_b,1605786636,1605783371
49,s_two_strings_prec_0trunc,1605786636,1605783371
50,s_string_prec_width_notrunc,1605786636,1605783070
51,s_string_prec_width_trunc,1605786636,1605783123
52,s_string_prec_width_notrunc_lj,1605786636,0
53,s_string_prec_width_trunc_lj,1605786636,0
54,s_two_s_prec_width_2fit_0trunc,1605786636,1605783070
55,s_two_s_prec_width_1fit_a_0trunc,1605786636,1605783070
56,s_two_s_prec_width_1fit_b_0trunc,1605786636,1605783070
57,s_two_s_prec_width_0fit_0trunc,1605786636,1605783070
58,s_two_s_prec_width_2fit_1trunc_a,1605786636,1605783123
59,s_two_s_prec_width_1fit_a_1trunc_a,1605786636,1605783070
60,s_two_s_prec_width_1fit_b_1trunc_a,1605786636,1605783123
61,s_two_s_prec_width_0fit_1trunc_a,1605786636,1605783070
62,s_two_s_prec_width_2fit_1trunc_b,1605786636,1605783123
63,s_two_s_prec_width_1fit_a_1trunc_b,1605786636,1605783123
64,s_two_s_prec_width_1fit_b_1trunc_b,1605786636,1605783070
65,s_two_s_prec_width_0fit_1trunc_b,1605786636,1605783070
66,s_two_s_prec_width_2fit_2trunc,1605786636,1605783123
67,s_two_s_prec_width_1fit_a_2trunc,1605786636,1605783123
68,s_two_s_prec_width_1fit_b_2trunc,1605786636,1605783123
69,s_two_s_prec_width_0fit_2trunc,1605786636,1605783070
70,s_two_s_prec_width_2trunc,1605786636,1605783371
71,s_two_strings_lj_and_rj,1605786636,1605783371
72,s_two_strings_rj_and_lj,1605786636,1605783371
73,s_null_basic_string_expansion,1605786636,1605783742
74,s_null_only_string_expansion,1605786636,1605783742
75,s_null_space_padded_field_width,1605786636,1605783742
76,s_null_space_padded_over_field_width,1605786636,1605783742
77,s_null_space_padded_field_width_lj,1605786636,1605783742
78,s_null_space_padded_field_width2_lj,1605786636,1605783742
79,s_null_space_padded_over_field_width_lj,1605786636,1605783742
80,s_null_string_prec_notrunc,1605786636,1605783070
81,s_null_string_prec_trunc,1605786636,1605783371
82,s_null_string_prec_default,1605786636,1605783371
83,s_null_string_prec_zero,1605786636,1605783371
84,s_basic_s_hidden,1605786636,1605783371
85,s_width_3_s_hidden,1605786636,1605783371
86,s_width_9_s_hidden,1605786636,1605783371
87,s_prec_no_width_s_hidden,1605786636,1605783371
88,s_prec_9_no_width_s_hidden,1605786636,1605783070
89,s_prec_03_no_width_s_hidden,1605786636,1605783371
90,s_prec_09_no_width_s_hidden,1605786636,1605783070
91,s_prec_03_no_width_s_null,1605786636,1605783742
92,s_prec_09_no_width_s_null,1605786636,1605783742
93,s_prec_00_no_width_s_nullchar,1605786636,0
94,s_prec_01_no_width_s_nullchar,1605786636,1605783070
95,s_prec_03_no_width_s_nullchar,1605786636,1605783070
96,s_prec_09_no_width_s_nullchar,1605786636,1605783070
97,s_prec_0_width_3_s_hidden,1605786636,1605783123
98,s_prec_0_width_10_s_hidden,1605786636,1605783123
99,s_prec_0_width_3_s_null,1605786636,1605783742
100,s_prec_0_width_10_s_null,1605786636,1605783742
101,s_prec_0_width_1_s_nullchar,1605786636,1605781979
102,s_prec_0_width_2_s_nullchar,1605786636,1605781979
103,s_prec_0_width_9_s_nullchar,1605786636,1605781979
104,s_prec_0_lj_width_3_s_hidden,1605786636,0
105,s_prec_0_lj_width_8_s_hidden,1605786636,0
106,s_prec_0_lj_width_3_s_null,1605786636,1605783742
107,s_prec_0_lj_width_8_s_null,1605786636,1605783742
108,s_prec_0_lj_width_1_s_nullchar,1605786636,0
109,s_prec_0_lj_width_2_s_nullchar,1605786636,0
110,s_prec_0_lj_width_6_s_nullchar,1605786636,0
111,s_prec_1_width_3_s_hidden,1605786636,1605783123
112,s_prec_1_width_10_s_hidden,1605786636,1605783123
113,s_prec_1_width_3_s_null,1605786636,1605783742
114,s_prec_1_width_9_s_null,1605786636,1605783742
115,s_prec_1_lj_width_3_s_hidden,1605786636,0
116,s_prec_1_lj_width_10_s_hidden,1605786636,0
117,s_prec_1_lj_width_3_s_null,1605786636,1605783742
118,s_prec_1_lj_width_9_s_null,1605786636,1605783742
119,s_prec_1_lj_width_3_s_nullchar,1605786636,0
120,s_prec_1_lj_width_6_s_nullchar,1605786636,0
121,s_prec_perfect_width_3_s_hidden,1605786636,0
122,s_prec_perfect_width_20_s_hidden,1605786636,1605781979
123,s_prec_perfect_width_3_s_null,1605786636,1605783742
124,s_prec_perfect_width_20_s_null,1605786636,1605783742
125,s_prec_perfect_width_3_s_nullchar,1605786636,1605783070
126,s_prec_perfect_width_6_s_nullchar,1605786636,1605783070
127,s_prec_perfect_lj_width_3_s_hidden,1605786636,0
128,s_prec_perfect_lj_width_20_s_hidden,1605786636,0
129,s_prec_8_lj_width_3_s_hidden,1605786636,0
130,s_prec_8_lj_width_10_s_hidden,1605786636,0
131,s_prec_8_lj_width_3_s_null,1605786636,1605783742
132,s_prec_8_lj_width_10_s_null,1605786636,1605783742
133,s_prec_00_lj_s_hidden_trunc,1605786636,1605783371
134,s_prec_09_lj_s_hidden_notrunc,1605786636,0
173,p_null,0,1605784544
178,p_ftfc_5w_throwswarning,0,1605784544
179,p_basic,0,1605784544
180,p_width_fit,0,1605784544
181,p_width_nofit,0,1605784544
182,p_width_16,0,1605784544
183,p_width_8,0,1605784544
184,p_width_32,0,1605784544
185,p_width_fit_lj,0,1605784544
186,p_width_nofit_lj,0,1605784544
187,p_width_16_lj,0,1605784544
188,p_width_8_lj,0,1605784544
189,p_width_32_lj,0,1605784544
190,d_basic_pos,1605789420,0
191,d_basic_neg,1605789420,0
192,d_basic_zero,1605789420,0
193,d_basic_onlypos,1605789420,0
194,d_basic_onlyneg,1605789420,0
195,d_basic_onlyzero,1605789420,0
196,d_intmax,1605789420,0
197,d_intmin,1605789420,0
198,d_width_pos_fits,0,1605789440
199,d_width_neg_fits,1605789420,1605787303
200,d_width_zero_fits,1605789420,1605787303
201,d_width_pos_exactfit,1605789420,1605787303
202,d_width_neg_exactfit,0,1605789420
203,d_width_pos_nofit,1605789420,1605787303
204,d_width_neg_nofit,1605789420,1605787303
205,d_width_pos_fits_lj,1605789420,1605787303
206,d_width_neg_fits_lj,1605789420,1605787303
207,d_width_zero_fits_lj,1605789420,0
208,d_width_pos_exactfit_lj,1605789420,1605787303
209,d_width_neg_exactfit_lj,1605789420,1605787303
210,d_width_pos_nofit_lj,1605789420,1605787303
211,d_width_neg_nofit_lj,1605789420,1605787303
212,d_prec_fits_pos,1605787303,1605789420
213,d_prec_fits_neg,0,1605789420
214,d_prec_fits_zero,1605789420,0
215,d_prec_exactfit_pos,1605789420,0
216,d_prec_exactfit_neg,1605787303,1605789420
217,d_prec_nofit_pos,1605787303,1605789420
218,d_prec_nofit_neg,1605789420,0
219,d_zp_pos_fits,0,1605789420
220,d_zp_neg_fits,0,1605789420
221,d_zp_zero_fits,0,1605789420
222,d_zp_pos_exactfit,1605789420,1605786684
223,d_zp_neg_exactfit,1605789420,1605787303
224,d_zp_neg_minus1fit,1605789420,1605787303
225,d_prec_width_fit_fit_pos,1605787303,1605789420
226,d_prec_width_fit_fit_neg,0,1605789420
227,d_prec_width_fit_fit_zero,1605787303,1605789420
228,d_prec_width_nofit_fit_pos,1605787303,1605789420
229,d_prec_width_nofit_fit_neg,1605787303,1605789420
230,d_prec_width_fit_nofit_pos,1605787303,1605789420
231,d_prec_width_fit_nofit_neg,0,1605789420
232,d_prec_width_nofit_nofit_pos,1605787303,1605789420
233,d_prec_width_nofit_nofit_neg,1605787303,1605789420
234,d_prec_width_fit_fit_pos_lj,1605787303,1605789420
235,d_prec_width_fit_fit_neg_lj,0,1605789420
236,d_prec_width_fit_fit_zero_lj,1605787303,1605789420
237,d_prec_width_nofit_fit_pos_lj,1605789420,1605784564
238,d_prec_width_nofit_fit_neg_lj,1605787303,1605789420
239,d_prec_width_fit_nofit_pos_lj,1605787303,1605789420
240,d_prec_width_fit_nofit_neg_lj,0,1605789420
241,d_prec_width_nofit_nofit_pos_lj,1605787303,1605789420
242,d_prec_width_nofit_nofit_neg_lj,1605787303,1605789420
243,d_prec_width_ff_pos_zp,1605789420,1605784564
244,d_prec_width_ff_neg_zp,0,1605789420
245,d_prec_width_ff_zero_zp,1605789420,0
246,d_prec_width_nf_pos_zp,1605789420,1605786684
247,d_prec_width_nf_neg_zp,1605789420,1605784564
248,d_prec_width_fn_pos_zp,1605789420,1605786684
249,d_prec_width_fn_neg_zp,0,1605789420
250,d_prec_width_nn_pos_zp,1605787303,1605789420
251,d_prec_width_nn_neg_zp,1605789420,1605784564
252,d_prec_width_ff_pos_lj_zp_ignoreflag,1605787303,1605789420
253,d_prec_width_ff_neg_ljzp_ignoreflag,0,1605789420
254,d_prec_width_ff_zero_ljzp_ignoreflag,1605789420,0
255,d_prec_width_nf_pos_ljzp_ignoreflag,1605789420,1605786684
256,d_prec_width_nf_neg_ljzp_ignoreflag,1605787303,1605789420
257,d_prec_width_fn_pos_ljzp_ignoreflag,1605787303,1605789420
258,d_prec_width_fn_neg_ljzp_ignoreflag,0,1605789420
259,d_prec_width_nn_pos_ljzp_ignoreflag,1605789420,1605784564
260,d_prec_width_nn_neg_ljzp_ignoreflag,1605789420,0
261,d_prec0val0_basic,1605784564,1605789420
262,d_prec0val0_implicit,1605789420,1605787303
263,d_prec0val0_w,1605784564,1605789420
264,d_prec0val0_w_impl,0,1605789420
265,d_prec0val0_wlj,1605787303,1605789420
266,d_prec0val0_wlj_impl,1605786684,1605789420
4186,d_neg_prec_star_01,1605789420,1605784564
4187,d_neg_prec_star_02,1605789420,1605784564
4188,d_neg_prec_star_03,1605789420,1605784564
4201,s_neg_prec_star_01,1605786636,1605785237
4202,s_neg_prec_star_02,1605786636,1605785237
4203,p_neg_prec_star_01,0,1605784544
4204,p_neg_prec_star_02,0,1605784544
4205,p_neg_prec_star_03,0,1605784544
4206,p_neg_prec_star_04,0,1605784544
